ClassAndMethodname,BAD_PRACTICE,I18N,PERFORMANCE,MALICIOUS_CODE,STYLE,MT_CORRECTNESS,CORRECTNESS,EXPERIMENTAL,SECURITY,Readability
com.jcraft.jsch.GlobalRequestReply.setConfig,0,0,0,0,0,0,0,0,0,1.8999999999999997
com.jcraft.jsch.Request.count,0,0,0,0,0,0,0,0,0,2.410159489818615
com.jcraft.jsch.ChannelX11.ChannelX11,0,0,0,0,0,0,0,0,0,0.7207633560075688
com.jcraft.jsch.Request.sendREMOVE,0,0,0,0,0,0,0,0,0,4.41
com.jcraft.jsch.DHG14.getState,0,0,0,0,0,0,0,0,0,2.341977412627973
com.jcraft.jsch.ChannelForwardedTCPIP.getPortForwarding,0,0,0,0,0,0,0,0,0,1.5135861520108516
com.jcraft.jsch.HashedHostKey.hash,0,0,0,0,0,0,0,0,0,1.8782447895878462
com.jcraft.jsch.Request.RequestQueue,0,0,0,0,0,0,0,0,0,1.0433333333333332
com.jcraft.jsch.SftpATTRS.isChr,0,0,0,0,0,0,0,0,0,0.0
com.jcraft.jsch.PassiveOutputStream.sendChannelOpen,0,0,0,0,0,0,0,0,0,2.455495025467034
com.jcraft.jsch.KeyPairDSA.forSSHAgent,0,0,0,0,0,0,0,0,0,1.0624928498087454
com.jcraft.jsch.Request.setCwd,0,0,0,0,0,0,0,0,0,0.0
com.jcraft.jsch.MyPipedInputStream.sendSignal,0,0,0,0,0,0,0,0,0,3.2249999999999996
Empty_package.MyProgressMonitor.init,0,0,0,0,0,0,0,0,0,1.4562374310010018
com.jcraft.jsch.Util.unquote,0,0,0,0,0,0,0,0,0,1.8841581456291066
com.jcraft.jsch.PortWatcher.Non_in_method,0,0,0,0,0,0,0,0,0,2.872086598969093
com.jcraft.jsch.ProxySOCKS4.close,1,0,0,0,0,0,0,0,0,2.3363792016576586
com.jcraft.jsch.ChannelShell.start,0,0,0,0,1,0,0,0,0,2.4965111967430174
com.jcraft.jsch.JSch.setKnownHosts,0,0,0,0,0,2,0,0,0,2.97139902032392
com.jcraft.jsch.Request.read,0,0,0,0,0,0,0,0,0,1.2893557264902422
com.jcraft.jsch.jce.KeyPairGenRSA.getC,0,0,0,1,0,0,0,0,0,0.0
com.jcraft.jsch.UserAuthPassword.start,0,0,0,0,0,0,1,0,0,2.204872791464918
com.jcraft.jsch.SftpStatVFS.getAvailINodes,0,0,0,0,0,0,0,0,0,0.0
com.jcraft.jsch.ChannelForwardedTCPIP.getPort,0,0,0,0,0,0,0,0,0,2.2537415526531692
com.jcraft.jsch.Wrapper.getStatus,0,0,0,0,0,0,0,0,0,0.0
com.jcraft.jsch.ChannelSftp.Non_in_method,0,0,0,0,0,0,0,0,0,1.276111111111111
com.jcraft.jsch.jce.KeyPairGenRSA.getN,0,0,0,1,0,0,0,0,0,0.0
com.jcraft.jsch.RequestWindowChange.request,0,0,0,0,0,0,0,0,0,2.15638854760186
com.jcraft.jsch.Session.send_kexinit,0,0,0,0,0,0,0,0,0,0.8969619673253781
com.jcraft.jsch.SftpException.SftpException,0,0,0,0,0,0,0,0,0,2.544
com.jcraft.jsch.KeyPairRSA.generate,0,0,0,0,1,0,0,0,0,1.3145427688037405
Empty_package.MyUserInfo.getPassword,0,0,0,0,0,0,0,0,0,0.0
com.jcraft.jsch.Header.getExtension,0,0,0,0,0,0,0,0,0,4.89
com.jcraft.jsch.ChannelSession.sendRequests,0,0,0,0,0,0,0,0,0,0.9463195163436046
com.jcraft.jsch.ASN1.getLength,0,0,0,0,0,0,0,0,0,1.5
com.jcraft.jsch.Request.sendPacketPath,0,0,0,0,0,0,0,0,0,1.605101279523197
com.jcraft.jsch.Packet.unshift,0,0,0,0,0,0,0,0,0,1.7119111119698238
com.jcraft.jsch.KnownHosts.remove,0,0,0,0,0,0,0,0,0,2.3765911339669388
com.jcraft.jsch.ChannelForwardedTCPIP.getData,0,0,0,0,2,0,0,0,0,1.0784404427797212
com.jcraft.jsch.ChannelSftp.get,1,0,0,0,3,0,0,0,0,0.9086354280161278
com.jcraft.jsch.GlobalRequestReply.setOutputStream,0,0,0,0,0,0,0,0,0,2.73
com.jcraft.jsch.RequestPtyReq.setTerminalMode,0,0,0,0,0,0,0,0,0,3.16
com.jcraft.jsch.Request.skip,0,0,0,0,0,0,0,0,0,2.335
com.jcraft.jsch.Wrapper.check,0,0,0,0,0,0,0,0,0,1.254766788080587
com.jcraft.jsch.Util.bzero,0,0,0,0,0,0,0,0,0,0.0
Empty_package.MyUserInfo.showMessage,0,0,0,0,0,0,0,0,0,3.236581433548862
com.jcraft.jsch.jce.SignatureRSA.init,0,0,0,0,0,0,0,0,0,4.6274999999999995
com.jcraft.jsch.KeyPairDSA.getEnd,0,0,0,0,0,0,0,0,0,3.14
Empty_package.ChangePassphrase.main,0,0,0,0,0,0,0,0,0,0.8630624477192193
com.jcraft.jsch.KeyPair.countLength,0,0,0,0,0,0,0,0,0,0.0
com.jcraft.jsch.JSch.setConfigRepository,0,0,0,0,0,0,0,0,0,1.83
com.jcraft.jsch.ProxyHTTP.getInputStream,0,0,0,0,0,0,0,0,0,2.1528120597923537
com.jcraft.jsch.JSch.log,0,0,0,0,0,0,0,0,0,2.276666666666667
com.jcraft.jsch.KnownHosts.createHashedHostKey,0,0,0,0,0,0,0,0,0,2.84
com.jcraft.jsch.GlobalRequestReply.requestPortForwarding,0,0,0,0,0,0,0,0,0,0.366
com.jcraft.jsch.ProxyHTTP.getSocket,0,0,0,0,0,0,0,0,0,3.10004936610099
com.jcraft.jsch.JSch.getHostKeyRepository,0,0,0,0,0,0,0,0,0,0.6310060840187255
com.jcraft.jsch.Buffer.Buffer,0,0,0,0,0,0,0,0,0,2.468
com.jcraft.jsch.jgss.GSSContextKrb5.create,0,0,0,0,0,0,0,0,0,1.8273268036856893
com.jcraft.jsch.KeyPairRSA.getBegin,0,0,0,0,0,0,0,0,0,2.98
com.jcraft.jsch.GlobalRequestReply.initInflater,0,0,0,0,0,0,0,0,0,0.8033333333333333
com.jcraft.jsch.Buffer.getShort,0,0,0,0,0,0,0,0,0,0.0
com.jcraft.jsch.Buffer.getInt,0,0,0,0,0,0,0,0,0,0.0
com.jcraft.jsch.Channel.setXForwarding,0,0,0,0,0,0,0,0,0,0.0
com.jcraft.jsch.MyConfig.multiFind,0,0,0,0,0,0,0,0,0,1.0316572855030917
com.jcraft.jsch.jce.AES256CTR.getIVSize,0,0,0,0,0,0,0,0,0,0.0
com.jcraft.jsch.ChannelX11.write,0,0,0,0,0,0,0,0,0,1.689117379623174
com.jcraft.jsch.Util.fromBase64,0,0,0,0,0,0,0,0,0,1.6357142857142857
com.jcraft.jsch.Channel.del,0,0,0,0,0,0,0,0,0,1.6632180242848646
com.jcraft.jsch.ChannelAgentForwarding.send,0,0,0,0,0,0,0,0,0,2.336250600399201
com.jcraft.jsch.GlobalRequestReply.setHost,0,0,0,0,0,0,0,0,0,3.63
com.jcraft.jsch.ChannelForwardedTCPIP.getRemotePort,0,0,0,0,0,0,0,0,0,0.0
com.jcraft.jsch.PassiveInputStream.close,0,0,0,0,0,0,0,0,0,2.603468830130226
com.jcraft.jsch.KnownHosts.addInvalidLine,0,0,0,0,0,0,0,0,0,2.575689857391825
Empty_package.ViaHTTP.main,0,0,0,0,0,0,0,0,0,2.0804202494371076
com.jcraft.jsch.IdentityFile.getKeyPair,0,0,0,0,0,0,0,0,0,0.0
com.jcraft.jsch.ChannelSftp.put,0,0,0,0,3,0,0,0,0,0.9892990306983886
com.jcraft.jsch.Request._stat,0,0,0,0,0,0,0,0,0,2.769885100706619
com.jcraft.jsch.jce.BlowfishCBC.init,0,0,0,0,0,0,0,0,0,1.7345937946123988
com.jcraft.jsch.HostKey.isMatched,0,0,0,0,0,0,0,0,0,3.63
com.jcraft.jsch.LsEntry.LsEntry,0,0,0,0,0,0,0,0,0,1.2566666666666666
com.jcraft.jsch.KeyPairRSA.forSSHAgent,0,0,0,0,0,0,0,0,0,1.0459546164396114
com.jcraft.jsch.Request.rm,0,0,0,0,0,0,0,0,0,1.9632705705314
com.jcraft.jsch.jce.SignatureDSA.update,0,0,0,0,0,0,0,0,0,1.7159222435306674
com.jcraft.jsch.Request.setMtime,0,0,0,0,0,0,0,0,0,0.730323769769507
com.jcraft.jsch.GlobalRequestReply.delPortForwardingR,0,0,0,0,0,0,0,0,0,1.215
com.jcraft.jsch.KeyPair.writePublicKey,1,0,0,0,0,0,0,0,0,2.2639977575774526
com.jcraft.jsch.KeyExchange.getHash,0,0,0,0,0,0,0,0,0,0.0
com.jcraft.jsch.jcraft.HMACSHA1.getName,0,0,0,0,0,0,0,0,0,3.2890336620832845
com.jcraft.jsch.jce.ARCFOUR128.update,0,0,0,0,0,0,0,0,0,1.9646666666666668
com.jcraft.jsch.JSch.isEnabled,0,0,0,0,0,0,0,0,0,2.86
com.jcraft.jsch.Empty_class.getValues,0,0,0,0,0,0,0,0,0,4.89
com.jcraft.jsch.jcraft.HMAC.doFinal,1,0,0,0,0,0,0,0,0,0.9429589649378649
com.jcraft.jsch.KeyPair.parse,0,1,0,0,1,0,0,0,0,3.93
com.jcraft.jsch.ChannelSubsystem.setPty,0,0,0,0,0,0,0,0,0,0.0
Empty_package.Shell.showMessage,0,0,0,0,0,0,0,0,0,3.97
com.jcraft.jsch.SftpATTRS.getMTime,0,0,0,0,0,0,0,0,0,0.0
Empty_package.ScpTo.checkAck,0,0,0,0,0,0,0,0,0,0.75
com.jcraft.jsch.IO.setOutputStream,0,0,0,0,0,0,0,0,0,1.82
com.jcraft.jsch.ChannelSession.ChannelSession,0,0,0,0,0,0,0,0,0,2.3476822243608138
com.jcraft.jsch.GlobalRequestReply.setHostKeyRepository,0,0,0,0,0,0,0,0,0,1.83
com.jcraft.jsch.DHGEX256.init,0,0,0,4,0,0,0,0,0,0.8212997415011376
com.jcraft.jsch.PassiveOutputStream.PassiveOutputStream,0,0,0,0,0,0,0,0,0,2.2225
com.jcraft.jsch.Request.lstat,0,0,0,0,0,0,0,0,0,4.41
com.jcraft.jsch.Session.setPortForwardingR,0,0,0,0,0,0,0,0,0,0.8059401570765448
com.jcraft.jsch.KeyPair.setPassphrase,0,0,0,0,0,0,0,0,0,0.0
com.jcraft.jsch.ProxySOCKS4.setUserPasswd,0,0,0,0,0,0,0,0,0,1.58
com.jcraft.jsch.ChannelDirectTCPIP.ChannelDirectTCPIP,0,0,0,0,0,0,0,0,0,1.6762535897435502
com.jcraft.jsch.GlobalRequestReply.checkKex,0,0,0,0,0,0,0,0,0,0.0
com.jcraft.jsch.RequestPtyReq.setTType,0,0,0,0,0,0,0,0,0,0.0
com.jcraft.jsch.ChannelSession.setPtySize,0,0,0,0,0,0,0,0,0,1.0866666666666667
com.jcraft.jsch.ProxySOCKS5.getSocket,0,0,0,0,0,0,0,0,0,2.8135078631257784
com.jcraft.jsch.KnownHosts.check,0,0,0,0,0,0,0,0,0,2.4060657985552973
com.jcraft.jsch.MyConfig.getValue,0,0,0,0,0,0,0,0,0,2.445
com.jcraft.jsch.KeyPair.genRandom,0,0,0,0,0,0,0,0,0,0.4328191788080298
com.jcraft.jsch.KeyPair.Non_in_method,0,0,0,0,0,0,0,0,0,2.25
com.jcraft.jsch.ChannelX11.addCache,0,0,0,0,0,0,0,0,0,2.32
com.jcraft.jsch.PassiveOutputStream.getSession,0,0,0,0,0,0,0,0,0,2.58
com.jcraft.jsch.MyPipedInputStream.MyPipedInputStream,0,0,0,0,0,0,0,0,0,2.8970620370969513
com.jcraft.jsch.Channel.setExtOutputStream,0,0,0,0,0,0,0,0,0,1.365
com.jcraft.jsch.ChannelForwardedTCPIP.ChannelForwardedTCPIP,0,0,0,0,0,0,0,0,0,0.8985463696968854
com.jcraft.jsch.DHG1.getState,0,0,0,0,0,0,0,0,0,2.323231595428166
com.jcraft.jsch.RequestShell.request,0,0,0,0,0,0,0,0,0,2.777981500835864
com.jcraft.jsch.LsEntry.setAttrs,0,0,0,0,0,0,0,0,0,0.0
Empty_package.UserAuthKI.main,0,0,0,0,0,0,0,0,0,1.930859792932959
com.jcraft.jsch.ChannelAgentForwarding.ChannelAgentForwarding,0,0,0,0,0,0,0,0,0,0.3991435535989834
com.jcraft.jsch.Util.fromFile,0,0,0,0,0,0,0,0,0,1.945
com.jcraft.jsch.Request.sendREADDIR,0,0,0,0,0,0,0,0,0,4.41
com.jcraft.jsch.Request.sendREADLINK,0,0,0,0,0,0,0,0,0,4.41
Empty_package.ViaSOCKS5.main,0,0,0,0,0,0,0,0,0,2.0804202494371076
com.jcraft.jsch.jce.SHA1.init,0,0,0,0,0,0,0,0,0,0.0
com.jcraft.jsch.GlobalRequestReply.setClientVersion,0,0,0,0,0,0,0,0,0,0.0
com.jcraft.jsch.PassiveOutputStream.write,0,0,0,0,0,0,0,0,0,1.4530609542291075
com.jcraft.jsch.LsEntry.toString,0,0,0,0,0,0,0,0,0,0.0
com.jcraft.jsch.Request.select,0,0,0,0,0,0,0,0,0,3.62
com.jcraft.jsch.GlobalRequestReply.sendKeepAliveMsg,0,0,0,0,0,0,0,0,0,1.4866666666666666
com.jcraft.jsch.Request.sendCLOSE,0,0,0,0,0,0,0,0,0,4.41
com.jcraft.jsch.ChannelDirectTCPIP.setOrgPort,0,0,0,0,0,0,0,0,0,0.0
com.jcraft.jsch.Request.sendSTATVFS,0,0,0,0,0,0,0,0,0,4.41
com.jcraft.jsch.jce.SignatureDSA.init,0,0,0,0,0,0,0,0,0,4.6274999999999995
com.jcraft.jsch.PortWatcher.setConnectTimeout,0,0,0,0,0,0,0,0,0,2.893333333333333
com.jcraft.jsch.KeyPair.load,0,2,0,0,4,0,1,0,0,0.6830077639754036
com.jcraft.jsch.ChannelDirectTCPIP.genChannelOpenPacket,0,0,0,0,0,0,0,0,0,2.2824356717307777
com.jcraft.jsch.Channel.close,0,0,0,0,0,0,0,0,0,2.4652797546439005
com.jcraft.jsch.Forwarding.parseForwarding,0,0,0,0,0,0,0,0,0,0.0
com.jcraft.jsch.IdentityFile.setPassphrase,0,0,0,0,0,0,0,0,0,0.0
com.jcraft.jsch.RequestPtyReq.request,0,0,0,0,0,0,0,0,0,1.3847872310325635
com.jcraft.jsch.Util.quote,0,0,0,0,0,0,0,0,0,1.7905555555555557
com.jcraft.jsch.jce.SHA256.update,0,0,0,0,0,0,0,0,0,0.6775
com.jcraft.jsch.KeyPairRSA.getEnd,0,0,0,0,0,0,0,0,0,3.14
Empty_package.Logger.main,0,0,0,0,0,0,0,0,0,1.930859792932959
com.jcraft.jsch.KeyPair.parseHeader,0,1,0,0,1,0,0,0,0,1.4330593829642597
com.jcraft.jsch.JSch.setLogger,0,0,0,0,0,0,0,0,0,2.27
com.jcraft.jsch.PortWatcher.normalize,0,0,0,0,0,0,0,0,0,3.89
com.jcraft.jsch.jce.TripleDESCBC.getBlockSize,0,0,0,0,0,0,0,0,0,0.0
com.jcraft.jsch.Request.putHEAD,0,0,0,0,0,0,0,0,0,2.948
com.jcraft.jsch.Session.setPortForwardingL,0,0,0,0,0,0,0,0,0,1.2747566073671628
com.jcraft.jsch.jce.AES128CBC.init,0,0,0,0,0,0,0,0,0,1.5722978390469657
com.jcraft.jsch.jce.KeyPairGenDSA.getX,0,0,0,1,0,0,0,0,0,0.0
Empty_package.Shell.promptYesNo,0,0,0,0,0,0,0,0,0,1.950345291719735
com.jcraft.jsch.ChannelForwardedTCPIP.run,0,0,0,0,0,0,0,0,0,1.2781245148855935
Empty_package.MyLogger.main,0,0,0,0,0,0,0,0,0,3.5
com.jcraft.jsch.ChannelDirectTCPIP.setInputStream,0,0,0,0,0,0,0,0,0,3.0
com.jcraft.jsch.RequestEnv.request,0,0,0,0,0,0,0,0,0,2.646494379116755
com.jcraft.jsch.KeyExchange.getFingerPrint,0,0,0,0,0,0,0,0,0,2.0040439563139585
com.jcraft.jsch.IdentityFile.newInstance,0,0,0,0,0,0,0,0,0,0.3888888888888889
com.jcraft.jsch.KeyPairDSA.getSignature,0,0,0,0,1,0,0,0,0,0.7329292979521485
com.jcraft.jsch.Buffer.getCommand,0,0,0,0,0,0,0,0,0,1.9839052137444282
com.jcraft.jsch.Channel.getRecipient,0,0,0,0,0,1,0,0,0,3.169666588678773
com.jcraft.jsch.ChannelSftp.getBulkRequests,1,0,0,0,2,0,0,0,0,0.0
com.jcraft.jsch.Request.waitForReply,0,0,0,0,0,0,0,0,0,2.870550472022719
com.jcraft.jsch.jcraft.HMACMD5.HMACMD5,0,0,0,0,0,0,0,0,0,0.0
com.jcraft.jsch.MyPipedInputStream.setRemoteWindowSize,0,0,0,0,0,0,0,0,0,0.0
com.jcraft.jsch.JSchException.JSchException,0,0,0,0,0,0,0,0,0,0.0
com.jcraft.jsch.SftpATTRS.setPERMISSIONS,0,0,0,0,0,0,0,0,0,0.0
com.jcraft.jsch.jce.AES128CTR.getBlockSize,0,0,0,0,0,0,0,0,0,0.0
com.jcraft.jsch.HostKey.HostKey,0,0,0,0,0,0,0,0,0,3.3554896075291905
com.jcraft.jsch.Session.delPortForwardingL,0,0,0,0,0,0,0,0,0,1.215
com.jcraft.jsch.KeyPairPKCS8.decrypt,1,0,0,0,1,0,0,0,0,1.0995694232310154
com.jcraft.jsch.Request.setStat,0,0,0,0,0,0,0,0,0,0.882
com.jcraft.jsch.Wrapper.add,0,0,0,0,0,0,0,0,0,1.8694033275107365
com.jcraft.jsch.ChannelSftp.lcd,1,0,0,0,0,0,0,0,0,1.591276649335206
com.jcraft.jsch.OpenSSHConfig.parse,0,1,0,0,0,0,0,0,0,0.0
com.jcraft.jsch.ProxySOCKS4.getOutputStream,0,0,0,0,0,0,0,0,0,1.91449294862209
com.jcraft.jsch.jce.AES192CBC.getBlockSize,0,0,0,0,0,0,0,0,0,0.0
com.jcraft.jsch.KeyPair.genHash,1,0,0,0,1,0,0,0,0,0.8826348536545314
Empty_package.MyProgressMonitor.end,0,0,0,0,0,0,0,0,0,3.141974738868136
com.jcraft.jsch.LsEntry.getLongname,0,0,0,0,0,0,0,0,0,0.0
com.jcraft.jsch.KnownHosts.add,0,0,0,0,0,0,0,0,0,2.0790951247358733
com.jcraft.jsch.Buffer.getMPIntBits,0,0,0,0,0,0,0,0,0,1.1675
com.jcraft.jsch.Session.send_newkeys,0,0,0,0,0,0,0,0,0,0.8888450801419601
com.jcraft.jsch.SftpATTRS.getExtended,0,0,0,1,0,0,0,0,0,1.656165918793737
com.jcraft.jsch.jce.HMACMD596.doFinal,0,0,0,0,0,0,0,0,0,0.9166666666666666
com.jcraft.jsch.KeyPair.b2a,0,0,0,0,0,0,0,0,0,0.0
com.jcraft.jsch.ChannelX11.removeFakedCookie,0,0,0,0,0,0,0,0,0,2.5045066469378945
com.jcraft.jsch.SftpStatVFS.getBlocks,0,0,0,0,0,0,0,0,0,0.0
com.jcraft.jsch.jgss.GSSContextKrb5.getSystemProperty,0,0,0,0,0,0,0,0,0,4.89
com.jcraft.jsch.KeyPairPKCS8.getVerifier,0,0,0,0,0,0,0,0,0,0.0
com.jcraft.jsch.MyPipedInputStream.setLocalWindowSize,0,0,0,0,0,0,0,0,0,0.0
com.jcraft.jsch.ASN1.getContents,0,0,0,0,0,0,0,0,0,1.4121985731667321
com.jcraft.jsch.ASN1.getContent,0,0,0,0,0,0,0,0,0,1.6220178375072287
com.jcraft.jsch.JSch.setIdentityRepository,0,0,0,0,0,0,0,0,0,2.568767482956587
com.jcraft.jsch.SftpATTRS.getPermissions,0,0,0,0,0,0,0,0,0,0.0
com.jcraft.jsch.ChannelExec.setCommand,0,0,0,1,0,0,0,0,0,2.48
com.jcraft.jsch.JSchPartialAuthException.getMethods,0,0,0,0,0,0,0,0,0,0.0
com.jcraft.jsch.ChannelX11.setHost,0,0,0,0,0,0,0,0,0,1.5427499999999998
com.jcraft.jsch.jce.AES256CTR.update,0,0,0,0,0,0,0,0,0,1.9607540228015725
com.jcraft.jsch.IdentityFile.getPublicKeyBlob,0,0,0,0,0,0,0,0,0,0.0
com.jcraft.jsch.jcraft.HMACMD596.doFinal,0,0,0,0,0,0,0,0,0,0.6875
com.jcraft.jsch.KeyExchange.getK,0,0,0,0,0,0,0,0,0,0.0
com.jcraft.jsch.jce.ARCFOUR.init,0,0,0,0,0,0,0,0,0,2.47147192081197
com.jcraft.jsch.jce.KeyPairGenDSA.getG,0,0,0,1,0,0,0,0,0,0.0
com.jcraft.jsch.jce.HMACSHA196.doFinal,0,0,0,0,0,0,0,0,0,0.9166666666666666
com.jcraft.jsch.jcraft.HMAC.update,0,0,0,0,0,0,0,0,0,0.5216666666666666
com.jcraft.jsch.Request.sendRENAME,0,0,0,0,0,0,0,0,0,2.0375
com.jcraft.jsch.Request.sendWRITE,0,0,0,0,0,0,0,0,0,3.534796205094546
com.jcraft.jsch.SftpStatVFS.getBlockSize,0,0,0,0,0,0,0,0,0,0.0
com.jcraft.jsch.ChannelSession.setTerminalMode,0,0,0,0,0,0,0,0,0,3.16
com.jcraft.jsch.Wrapper.getIdentities,0,0,0,0,0,0,0,0,0,1.1591288992621196
com.jcraft.jsch.jce.SignatureRSA.verify,0,0,0,0,0,0,0,0,0,0.7212585650397412
com.jcraft.jsch.Request._setStat,0,0,0,0,0,0,0,0,0,2.6183333333333336
com.jcraft.jsch.jce.TripleDESCTR.getBlockSize,0,0,0,0,0,0,0,0,0,0.0
com.jcraft.jsch.ChannelExec.setErrStream,0,0,0,0,0,0,0,0,0,1.82
Empty_package.Parrot.setChannel,0,0,0,0,0,0,0,0,0,1.9100000000000001
com.jcraft.jsch.Request.sendSETSTAT,0,0,0,0,0,0,0,0,0,2.205
com.jcraft.jsch.KnownHosts.getHostKey,0,0,0,0,0,0,0,0,0,1.4270513586909748
com.jcraft.jsch.Buffer.putPad,0,0,0,0,0,0,0,0,0,1.6598359901300406
com.jcraft.jsch.Request.sendFSTAT,0,0,0,0,0,0,0,0,0,4.57
com.jcraft.jsch.SftpATTRS.isReg,0,0,0,0,0,0,0,0,0,0.0
com.jcraft.jsch.SftpStatVFS.getAvailBlocks,0,0,0,0,0,0,0,0,0,0.0
com.jcraft.jsch.KeyPairPKCS8.getEnd,0,0,0,0,0,0,0,0,0,3.14
com.jcraft.jsch.KeyPairPKCS8.getPublicKeyBlob,0,0,0,0,0,0,0,0,0,0.0
com.jcraft.jsch.jgss.GSSContextKrb5.Non_in_method,0,0,0,0,0,0,0,0,0,1.666
com.jcraft.jsch.Request.glob_local,0,0,0,0,0,0,0,0,0,1.85295633259238
com.jcraft.jsch.Channel.connect,0,0,0,0,0,0,0,0,0,2.54376160621537
com.jcraft.jsch.Buffer.getUInt,0,0,0,0,0,0,0,0,0,2.335
com.jcraft.jsch.ChannelX11.equals,0,0,0,0,0,0,0,0,0,1.5566666666666666
com.jcraft.jsch.jce.MD5.update,0,0,0,0,0,0,0,0,0,0.6775
com.jcraft.jsch.jcraft.Compression.compress,0,0,0,0,0,0,0,0,0,0.958658538812113
Empty_package.KeyGen.main,0,0,0,0,0,0,0,0,0,1.6250965491272422
com.jcraft.jsch.RequestSftp.request,0,0,0,0,0,0,0,0,0,2.8049999999999997
com.jcraft.jsch.RequestPtyReq.setTSize,0,0,0,0,0,0,0,0,0,0.0
com.jcraft.jsch.KeyPairRSA.getEPArray,0,0,0,0,0,0,0,0,0,0.8022088544531619
com.jcraft.jsch.SftpATTRS.isDir,0,0,0,0,0,0,0,0,0,0.0
com.jcraft.jsch.ChannelSftp.setBulkRequests,0,0,0,0,0,0,0,0,0,0.81
com.jcraft.jsch.JSch.removeIdentity,0,0,0,0,0,0,0,0,0,1.535530546660363
com.jcraft.jsch.PortWatcher.getPortForwarding,0,0,0,0,0,0,0,0,0,1.624960788378566
com.jcraft.jsch.ChannelDirectTCPIP.connect,0,0,0,0,0,0,0,0,0,2.7366666666666664
com.jcraft.jsch.UserAuthKeyboardInteractive.start,0,0,0,0,0,0,0,0,0,1.6950584816573677
com.jcraft.jsch.ProxyHTTP.connect,1,0,0,0,1,0,0,0,0,2.621330836231179
com.jcraft.jsch.jce.ARCFOUR256.getIVSize,0,0,0,0,0,0,0,0,0,0.0
com.jcraft.jsch.KeyPairRSA.getKeyTypeName,0,0,0,0,0,0,0,0,0,0.0
com.jcraft.jsch.ChannelSubsystem.start,0,0,0,0,1,0,0,0,0,1.675687490943876
com.jcraft.jsch.PortWatcher.delPort,0,0,0,0,0,0,0,0,0,1.297591348826959
com.jcraft.jsch.jce.SignatureDSA.setPrvKey,0,0,0,0,0,0,0,0,0,1.5700741882793512
com.jcraft.jsch.Util.glob0,0,0,0,0,0,0,0,0,0,3.6399999999999997
com.jcraft.jsch.ChannelX11.revtable,0,0,0,0,0,0,0,0,0,1.6333333333333335
com.jcraft.jsch.Channel.flush,0,0,0,0,0,0,0,0,0,2.117992354314291
com.jcraft.jsch.jce.Random.Random,0,0,0,0,0,0,0,0,0,1.897587113567017
com.jcraft.jsch.jce.PBKDF.getKey,0,0,0,0,0,0,0,0,0,2.358888888888889
com.jcraft.jsch.Channel.write,0,0,0,0,0,0,0,0,0,1.415731940037585
com.jcraft.jsch.KeyPair.genCipher,0,0,0,0,0,0,0,0,0,0.767024369284273
com.jcraft.jsch.ASN1.getType,0,0,0,0,0,0,0,0,0,1.2733258891779573
com.jcraft.jsch.Session.Session,0,0,0,0,0,0,0,0,0,2.6237268128457396
com.jcraft.jsch.PortWatcher.getPort,0,0,0,0,0,0,0,0,0,1.561921804813641
com.jcraft.jsch.Request.ls,0,0,0,0,0,0,0,0,0,1.6300649711584718
com.jcraft.jsch.jce.KeyPairGenRSA.getD,0,0,0,1,0,0,0,0,0,0.0
com.jcraft.jsch.Util.val,0,0,0,0,0,0,0,0,0,0.0
com.jcraft.jsch.ChannelX11.getFakedCookie,0,0,0,0,0,0,0,0,0,2.2876218826319468
Empty_package.ScpTo.main,0,0,0,0,0,0,0,0,0,1.1083985420280356
com.jcraft.jsch.ChannelSession.toByteArray,0,0,0,0,0,0,0,0,0,0.0
com.jcraft.jsch.JSchPartialAuthException.JSchPartialAuthException,0,0,0,0,0,0,0,0,0,0.0
com.jcraft.jsch.Buffer.getOffSet,0,0,0,0,0,0,0,0,0,0.0
com.jcraft.jsch.GlobalRequestReply.setReply,0,0,0,0,0,0,0,0,0,2.96
com.jcraft.jsch.Request.mkdir,0,0,0,0,0,0,0,0,0,3.1420000000000003
com.jcraft.jsch.DHGEX.getKeyType,0,0,0,0,0,0,0,0,0,1.0704737875594312
com.jcraft.jsch.Buffer.putString,0,0,0,0,0,0,0,0,0,1.7625000000000002
com.jcraft.jsch.Util.split,0,0,0,0,0,0,0,0,0,2.1764907739356953
com.jcraft.jsch.jce.ARCFOUR256.getBlockSize,0,0,0,0,0,0,0,0,0,0.0
com.jcraft.jsch.SftpATTRS.setFLAGS,0,0,0,0,0,0,0,0,0,0.0
com.jcraft.jsch.RequestX11.setCookie,0,0,0,0,1,0,0,0,0,5.0
com.jcraft.jsch.ChannelSftp.cd,0,0,0,0,1,0,0,0,0,0.9622804865198439
com.jcraft.jsch.Request.sendRMDIR,0,0,0,0,0,0,0,0,0,4.41
com.jcraft.jsch.KeyPairDSA.getBegin,0,0,0,0,0,0,0,0,0,2.98
com.jcraft.jsch.KeyPairPKCS8.getKeyTypeName,0,0,0,0,0,0,0,0,0,0.0
com.jcraft.jsch.KeyPairRSA.parse,0,0,0,0,2,0,0,0,0,0.7377446309165994
com.jcraft.jsch.MyPipedInputStream.write_ext,0,0,0,0,0,0,0,0,0,1.0433333333333332
com.jcraft.jsch.Request.chmod,0,0,0,0,0,0,0,0,0,0.730323769769507
com.jcraft.jsch.jce.TripleDESCTR.update,0,0,0,0,0,0,0,0,0,1.941885273843451
com.jcraft.jsch.KeyPairDSA.KeyPairDSA,0,0,0,0,0,0,0,0,0,1.534022517101405
com.jcraft.jsch.ProxySOCKS5.close,1,0,0,0,0,0,0,0,0,2.175223622985919
com.jcraft.jsch.GlobalRequestReply.setUserName,0,0,0,0,0,0,0,0,0,4.04
com.jcraft.jsch.IdentityFile.getName,0,0,0,0,0,0,0,0,0,1.5465294683363693
com.jcraft.jsch.MyPipedInputStream.addRemoteWindowSize,0,0,0,0,0,0,0,0,0,0.0
com.jcraft.jsch.GlobalRequestReply.sendIgnore,0,0,0,0,0,0,0,0,0,2.23
com.jcraft.jsch.GlobalRequestReply.setDaemonThread,0,0,0,0,0,0,0,0,0,2.03
com.jcraft.jsch.SftpStatVFS.getFreeINodes,0,0,0,0,0,0,0,0,0,0.0
com.jcraft.jsch.Request.rename,0,0,0,0,0,0,0,0,0,1.4125
com.jcraft.jsch.Request.setReply,0,0,0,0,0,0,0,0,0,2.96
com.jcraft.jsch.KeyPairDSA.getVerifier,0,0,0,0,1,0,0,0,0,0.7012124264160692
com.jcraft.jsch.GlobalRequestReply.applyConfig,0,0,0,0,0,0,0,0,0,0.9409405417801134
com.jcraft.jsch.KeyPairDSA.generate,0,0,0,0,1,0,0,0,0,1.4092045292650333
com.jcraft.jsch.KeyPair.genKeyPair,0,0,0,0,1,0,0,0,0,1.32625
com.jcraft.jsch.ProxySOCKS5.getDefaultPort,0,0,0,0,0,0,0,0,0,0.0
com.jcraft.jsch.ChannelSession.setPtyType,0,0,0,0,0,0,0,0,0,0.655
com.jcraft.jsch.Request.close,0,0,0,0,0,0,0,0,0,2.5056903513249704
com.jcraft.jsch.SftpATTRS.getATime,0,0,0,0,0,0,0,0,0,0.0
com.jcraft.jsch.KeyPairRSA.getEQArray,0,0,0,0,0,0,0,0,0,0.8005142198244423
com.jcraft.jsch.KeyPairRSA.fromSSHAgent,0,1,0,0,0,0,0,0,0,0.8807142857142856
com.jcraft.jsch.ASN1.ASN1,0,0,0,0,0,0,0,0,0,1.695
com.jcraft.jsch.MyConfig.MyConfig,0,0,0,0,0,0,0,0,0,1.1575337912668742
com.jcraft.jsch.UserAuthPublicKey.start,0,0,0,0,0,0,0,0,0,1.3754507149555268
com.jcraft.jsch.jce.HMAC.getBlockSize,0,0,0,0,0,0,0,0,0,0.0
com.jcraft.jsch.SftpStatVFS.getFreeBlocks,0,0,0,0,0,0,0,0,0,0.0
com.jcraft.jsch.Session.disconnect,0,0,0,0,1,0,0,0,0,1.627135827669235
com.jcraft.jsch.JSch.setConfig,0,0,0,0,0,0,0,0,0,1.8999999999999997
com.jcraft.jsch.GlobalRequestReply.getThread,0,0,0,0,0,0,0,0,0,4.83
com.jcraft.jsch.JSch.getSession,0,0,0,0,0,0,0,0,0,3.0866128128561954
com.jcraft.jsch.KeyPair.writePrivateKey,0,0,0,0,0,0,0,0,0,1.0321209559383415
com.jcraft.jsch.ProxySOCKS5.ProxySOCKS5,0,0,0,0,0,0,0,0,0,2.823292058024284
com.jcraft.jsch.ChannelX11.setPort,0,0,0,0,0,0,0,0,0,1.87425
com.jcraft.jsch.HashedHostKey.isHashed,0,0,0,0,0,0,0,0,0,0.0
com.jcraft.jsch.GlobalRequestReply.setX11Host,0,0,0,0,0,0,0,0,0,3.63
com.jcraft.jsch.jce.DH.init,0,0,0,0,0,0,0,0,0,2.006666666666667
com.jcraft.jsch.Channel.getChannel,0,0,0,0,0,0,0,0,0,2.0132468071752316
com.jcraft.jsch.Request.statVFS,0,0,0,0,0,0,0,0,0,4.41
com.jcraft.jsch.jcraft.Compression.Non_in_method,0,0,0,0,0,0,0,0,0,1.565
com.jcraft.jsch.RequestX11.request,0,0,0,0,0,0,0,0,0,2.6602316791890646
com.jcraft.jsch.PortWatcher.PortWatcher,0,0,0,0,0,0,0,0,0,2.0381137806834255
com.jcraft.jsch.ChannelSftp.ChannelSftp,0,0,0,0,0,0,0,0,0,0.652083995032838
com.jcraft.jsch.KeyPair.generate,0,0,0,0,0,0,0,0,0,4.01
com.jcraft.jsch.DHG1.getKeyType,0,0,0,0,0,0,0,0,0,1.0900777881270038
com.jcraft.jsch.Channel.getExtInputStream,1,0,0,0,0,0,0,0,0,1.41875
com.jcraft.jsch.jce.AES256CBC.getIVSize,0,0,0,0,0,0,0,0,0,0.0
com.jcraft.jsch.ChannelSftp.start,0,0,0,0,1,0,0,0,0,1.3628821657949464
com.jcraft.jsch.jce.KeyPairGenDSA.getQ,0,0,0,1,0,0,0,0,0,0.0
com.jcraft.jsch.Packet.shift,0,0,0,0,0,0,0,0,0,0.9615604219272473
com.jcraft.jsch.Util.createSocket,0,0,0,0,1,0,0,0,0,2.824384701598291
com.jcraft.jsch.Buffer.fromBytes,0,0,0,0,0,0,0,0,0,0.8140000000000001
com.jcraft.jsch.ChannelDirectTCPIP.setPort,0,0,0,0,0,0,0,0,0,4.41
com.jcraft.jsch.jce.ARCFOUR128.getIVSize,0,0,0,0,0,0,0,0,0,0.0
com.jcraft.jsch.RequestSignal.setSignal,0,0,0,0,0,0,0,0,0,1.93
com.jcraft.jsch.Session.receive_newkeys,0,0,0,0,0,0,0,0,0,0.30494483024928437
com.jcraft.jsch.jce.BlowfishCBC.getBlockSize,0,0,0,0,0,0,0,0,0,0.0
com.jcraft.jsch.KnownHosts.sync,0,0,0,0,0,0,0,1,0,0.19180484907470133
com.jcraft.jsch.SftpStatVFS.getFileSystemID,0,0,0,0,0,0,0,0,0,0.0
com.jcraft.jsch.jcraft.HMACSHA1.HMACSHA1,0,0,0,0,0,0,0,0,0,0.0
com.jcraft.jsch.SftpATTRS.isType,0,0,0,0,0,0,0,0,0,0.992
com.jcraft.jsch.Session.getSessionId,0,0,0,0,0,0,0,0,0,1.3867554116904024
com.jcraft.jsch.Wrapper.getName,0,0,0,0,0,0,0,0,0,0.0
com.jcraft.jsch.Buffer.reset,0,0,0,0,0,0,0,0,0,1.189803078077389
com.jcraft.jsch.CipherNone.getIVSize,0,0,0,0,0,0,0,0,0,0.0
com.jcraft.jsch.Wrapper.remove,0,0,0,0,0,0,0,0,0,2.03
com.jcraft.jsch.Request.fill,0,0,0,0,0,0,0,0,0,0.0
Empty_package.ScpToNoneCipher.checkAck,0,0,0,0,0,0,0,0,0,0.75
com.jcraft.jsch.IdentityFile.isEncrypted,0,0,0,0,0,0,0,0,0,0.0
com.jcraft.jsch.OpenSSHConfig.getConfig,0,0,0,0,0,0,0,0,0,1.815
com.jcraft.jsch.LocalIdentityRepository.LocalIdentityRepository,0,0,0,0,0,0,0,0,0,0.0
com.jcraft.jsch.jce.AES192CBC.getIVSize,0,0,0,0,0,0,0,0,0,0.0
com.jcraft.jsch.ProxySOCKS5.fill,0,0,0,0,0,0,0,0,0,0.6
com.jcraft.jsch.Util.str2byte,0,1,0,0,0,0,0,0,0,0.0
Empty_package.Compression.main,0,0,0,0,0,0,0,0,0,1.9303508454281764
Empty_package.ScpFrom.main,0,0,0,0,0,0,0,0,0,1.360835955186945
com.jcraft.jsch.Channel.setInputStream,0,0,0,0,0,0,0,0,0,1.5
com.jcraft.jsch.jce.SignatureDSA.sign,0,0,0,0,0,0,0,0,0,1.4371086808549776
com.jcraft.jsch.Header.isUnique,0,0,0,0,0,0,0,0,0,2.205
com.jcraft.jsch.Request.rmdir,0,0,0,0,0,0,0,0,0,1.9632705705314
com.jcraft.jsch.jce.DH.setG,0,0,0,0,0,0,0,0,0,0.0
com.jcraft.jsch.jce.SignatureDSA.setPubKey,0,0,0,0,0,0,0,0,0,2.078631094707492
com.jcraft.jsch.KeyExchange.init,0,0,0,0,0,0,0,0,0,0.516
com.jcraft.jsch.GlobalRequestReply.setProxy,0,0,0,0,0,0,0,0,0,2.07
com.jcraft.jsch.ProxySOCKS5.getInputStream,0,0,0,0,0,0,0,0,0,1.953824904948457
com.jcraft.jsch.KeyPairRSA.getCArray,0,0,0,0,0,0,0,0,0,0.7989379877634027
com.jcraft.jsch.KeyPairPKCS8.parse,0,0,0,0,0,0,0,0,0,1.9471752809511236
com.jcraft.jsch.GlobalRequestReply._setPortForwardingR,0,0,0,0,0,0,0,0,0,2.051867161853939
com.jcraft.jsch.KeyPairPKCS8.forSSHAgent,0,0,0,0,0,0,0,0,0,0.0
com.jcraft.jsch.GlobalRequestReply.addChannel,0,0,0,0,0,0,0,0,0,4.18
com.jcraft.jsch.Channel.init,0,0,0,0,0,0,0,0,0,1.8375
com.jcraft.jsch.Buffer.putInt,0,0,0,0,0,0,0,0,0,1.3151339931683308
com.jcraft.jsch.KeyPair.genKey,0,0,0,0,1,0,0,0,0,1.4698500380678823
com.jcraft.jsch.Packet.Packet,0,0,0,0,0,0,0,0,0,2.89
com.jcraft.jsch.ChannelSession.run,0,0,0,0,0,1,0,0,0,2.19390605269694
com.jcraft.jsch.jce.AES192CTR.getBlockSize,0,0,0,0,0,0,0,0,0,0.0
com.jcraft.jsch.SftpATTRS.getAtimeString,0,0,0,0,0,0,0,0,0,3.9
com.jcraft.jsch.jce.AES256CTR.getBlockSize,0,0,0,0,0,0,0,0,0,0.0
com.jcraft.jsch.LocalIdentityRepository.remove,0,0,0,0,0,0,0,0,0,2.0199999999999996
com.jcraft.jsch.SftpStatVFS.getMaximumFilenameLength,0,0,0,0,0,0,0,0,0,0.0
com.jcraft.jsch.Session.encode,0,0,0,0,0,0,0,0,0,1.195798561332164
com.jcraft.jsch.MyConfig.getValues,0,0,0,0,0,0,0,0,0,4.89
Empty_package.Sftp.main,0,0,0,0,0,0,0,0,0,1.8954398933053835
com.jcraft.jsch.LocalIdentityRepository.getName,0,0,0,0,0,0,0,0,0,3.3942319770538907
com.jcraft.jsch.RequestWindowChange.setSize,0,0,0,0,0,0,0,0,0,0.9825
com.jcraft.jsch.KnownHosts.getType,0,0,0,0,0,0,0,0,0,4.89
com.jcraft.jsch.Request.size,0,0,0,0,0,0,0,0,0,0.0
com.jcraft.jsch.ChannelSftp._put,0,0,0,0,1,0,0,0,0,0.9850446909958609
com.jcraft.jsch.ChannelForwardedTCPIP.delPort,1,0,0,0,0,0,0,0,0,1.3312131807412853
com.jcraft.jsch.UserAuthGSSAPIWithMIC.start,0,0,0,0,0,0,0,0,0,1.2713046874293996
com.jcraft.jsch.Request.sendOPENA,0,0,0,0,0,0,0,0,0,4.41
com.jcraft.jsch.Request.sendOPENW,0,0,0,0,0,0,0,0,0,4.41
Empty_package.Parrot.run,0,0,0,0,0,0,0,0,0,1.8282346701356142
com.jcraft.jsch.jce.DH.getE,0,0,0,1,1,0,0,0,0,1.2093019335747714
com.jcraft.jsch.jce.TripleDESCBC.update,0,0,0,0,0,0,0,0,0,1.941885273843451
com.jcraft.jsch.GlobalRequestReply.checkCipher,0,0,0,0,0,0,0,0,0,1.1933333333333334
Empty_package.OpenSSHConfig.promptYesNo,0,0,0,0,0,0,0,0,0,1.9745114791077234
com.jcraft.jsch.SftpATTRS.setUIDGID,0,0,0,0,0,0,0,0,0,0.0
com.jcraft.jsch.IdentityFile.getSignature,0,0,0,0,0,0,0,0,0,1.965
com.jcraft.jsch.jce.DH.setF,0,0,0,0,0,0,0,0,0,0.0
com.jcraft.jsch.KeyPairPKCS8.KeyPairPKCS8,0,0,0,0,0,0,0,0,0,0.0
com.jcraft.jsch.UserAuth.start,0,0,0,0,0,0,0,0,0,3.52
com.jcraft.jsch.jce.AES128CTR.update,0,0,0,0,0,0,0,0,0,1.958899134267565
com.jcraft.jsch.jce.KeyPairGenRSA.init,0,0,0,0,0,0,0,0,0,1.3523076923076924
com.jcraft.jsch.Request.sendHARDLINK,0,0,0,0,0,0,0,0,0,2.0375
Empty_package.StreamForwarding.main,0,0,0,0,0,0,0,0,0,1.9001614789346826
com.jcraft.jsch.Request._sendCLOSE,0,0,0,0,0,0,0,0,0,4.25
com.jcraft.jsch.JSch.removeSession,0,0,0,0,0,0,0,0,0,2.584430078141674
com.jcraft.jsch.DHG1.next,0,0,0,0,0,0,2,0,0,0.24873798506336703
com.jcraft.jsch.Session._write,0,0,0,0,0,0,0,0,0,1.7470797053556648
com.jcraft.jsch.jce.AES192CBC.update,0,0,0,0,0,0,0,0,0,1.9607540228015725
com.jcraft.jsch.KeyPairPKCS8.getCipher,0,0,0,0,1,0,1,0,0,1.6031526573502846
com.jcraft.jsch.Util.diffString,0,0,0,0,0,0,0,0,0,0.8156734733098663
com.jcraft.jsch.Session.checkHost,0,0,0,0,0,0,0,0,0,1.3573259356326226
com.jcraft.jsch.KeyPair.parseLines,0,0,0,0,0,0,0,0,0,1.2082611036619113
com.jcraft.jsch.LocalIdentityRepository.getIdentities,0,0,0,0,0,0,0,0,0,0.0
com.jcraft.jsch.Channel.setOutputStream,0,0,0,0,0,0,0,0,0,1.365
com.jcraft.jsch.KeyPairDSA.getKeySize,0,0,0,0,0,0,0,0,0,2.7033445872499064
com.jcraft.jsch.HostKey.getType,0,0,0,0,0,0,0,0,0,0.5577250426456913
com.jcraft.jsch.Session.updateKeys,0,0,0,0,0,0,0,0,0,0.7108238052320647
com.jcraft.jsch.GlobalRequestReply.setX11Cookie,0,0,0,0,0,0,0,0,0,5.0
com.jcraft.jsch.Buffer.shift,0,0,0,0,0,0,0,0,0,1.4553878353538325
com.jcraft.jsch.LsEntry.getAttrs,0,0,0,0,0,0,0,0,0,0.0
com.jcraft.jsch.HashedHostKey.HashedHostKey,0,0,0,0,0,0,0,0,0,3.6724269597038863
com.jcraft.jsch.Request.chown,0,0,0,0,0,0,0,0,0,0.730323769769507
com.jcraft.jsch.jce.TripleDESCTR.init,0,0,0,0,0,0,0,0,0,1.6972296661488535
com.jcraft.jsch.jce.MD5.init,0,0,0,0,0,0,0,0,0,0.0
com.jcraft.jsch.Request.isLocalAbsolutePath,0,0,0,0,0,0,0,0,0,4.41
com.jcraft.jsch.ChannelExec.start,0,0,0,0,1,0,0,0,0,2.4981625569690356
com.jcraft.jsch.Buffer.getLength,0,0,0,0,0,0,0,0,0,1.3102038083195129
com.jcraft.jsch.Util.byte2str,0,1,0,0,0,0,0,0,0,0.626
com.jcraft.jsch.Request.chgrp,0,0,0,0,0,0,0,0,0,0.730323769769507
com.jcraft.jsch.SftpATTRS.getUId,0,0,0,0,0,0,0,0,0,0.0
com.jcraft.jsch.Packet.padding,0,0,0,0,0,0,0,0,0,1.7176301577924689
Empty_package.Parrot.setArg,0,0,0,0,0,0,0,0,0,0.0
com.jcraft.jsch.jce.AES128CBC.getIVSize,0,0,0,0,0,0,0,0,0,0.0
com.jcraft.jsch.DHGEX256.getKeyType,0,0,0,0,0,0,0,0,0,1.0704737875594312
com.jcraft.jsch.MyPipedInputStream.disconnect,0,0,0,0,0,0,0,0,0,0.9103823731677756
com.jcraft.jsch.Request.stat,0,0,0,0,0,0,0,0,0,4.41
com.jcraft.jsch.MyPipedInputStream.eof,0,0,0,0,0,0,0,0,0,1.4866666666666666
com.jcraft.jsch.SftpATTRS.getMtimeString,0,0,0,0,0,0,0,0,0,3.9
com.jcraft.jsch.SftpATTRS.getATTR,0,0,0,0,0,0,0,0,0,0.41829360009977784
com.jcraft.jsch.jgss.GSSContextKrb5.dispose,0,0,0,0,0,0,0,0,0,1.5852454169895862
com.jcraft.jsch.ChannelDirectTCPIP.setHost,0,0,0,0,0,0,0,0,0,3.63
com.jcraft.jsch.PassiveOutputStream.setExitStatus,0,0,0,0,0,0,0,0,0,2.24
com.jcraft.jsch.IO.getByte,0,0,0,0,0,0,0,0,0,2.42926913846803
com.jcraft.jsch.Util.skipUTF8Char,0,0,0,0,0,0,0,0,0,0.0
com.jcraft.jsch.SftpATTRS.getGId,0,0,0,0,0,0,0,0,0,0.0
com.jcraft.jsch.ChannelX11.run,0,0,0,0,0,0,0,0,0,2.2396853018195872
com.jcraft.jsch.GlobalRequestReply.setServerAliveCountMax,0,0,0,0,0,0,0,0,0,3.0
com.jcraft.jsch.MyPipedInputStream.setRemotePacketSize,0,0,0,0,0,0,0,0,0,0.0
com.jcraft.jsch.ChannelAgentForwarding.write,0,0,0,0,0,0,0,0,0,0.9634770254997501
com.jcraft.jsch.jcraft.HMACMD596.getBlockSize,0,0,0,0,0,0,0,0,0,0.0
com.jcraft.jsch.jgss.GSSContextKrb5.setSystemProperty,0,0,0,0,0,0,0,0,0,3.255
com.jcraft.jsch.Util.toHex,0,0,0,0,0,0,0,0,0,0.0
com.jcraft.jsch.UserAuthNone.start,0,0,0,0,1,0,0,0,0,1.9855576245442343
com.jcraft.jsch.Buffer.getByte,0,0,0,0,0,0,0,0,0,0.6011975812384931
com.jcraft.jsch.Request.hardlink,0,0,0,0,0,0,0,0,0,1.4125
com.jcraft.jsch.KeyPairRSA.getVerifier,0,0,0,0,1,0,0,0,0,0.6283640371272147
com.jcraft.jsch.KeyPairDSA.getPublicKeyBlob,0,0,0,0,0,0,0,0,0,0.8379679526910865
com.jcraft.jsch.JSch.addSession,0,0,0,0,0,0,0,0,0,2.59108149566158
com.jcraft.jsch.KeyPair.decrypt,0,0,0,0,0,0,0,0,0,1.5062188472905538
com.jcraft.jsch.Buffer.putMPInt,0,0,0,0,0,0,0,0,0,0.0
com.jcraft.jsch.jce.ARCFOUR128.getBlockSize,0,0,0,0,0,0,0,0,0,0.0
com.jcraft.jsch.Request.getOffset,0,0,0,0,0,0,0,0,0,0.9500000000000001
com.jcraft.jsch.PassiveOutputStream.sendOpenFailure,0,0,0,0,0,0,0,0,0,1.4866666666666666
com.jcraft.jsch.KeyPair.writeLength,0,0,0,0,0,0,0,0,0,1.472
com.jcraft.jsch.GlobalRequestReply.setInputStream,0,0,0,0,0,0,0,0,0,3.0
com.jcraft.jsch.KeyPair.writeSEQUENCE,0,0,0,0,0,0,0,0,0,1.1433333333333333
com.jcraft.jsch.KnownHosts.getKnownHostsRepositoryID,0,0,0,0,0,0,0,0,0,0.6175670367082399
com.jcraft.jsch.SftpATTRS.dump,0,0,0,0,0,0,0,0,0,0.49557683282189446
com.jcraft.jsch.jce.AES128CTR.getIVSize,0,0,0,0,0,0,0,0,0,0.0
com.jcraft.jsch.SftpATTRS.isFifo,0,0,0,0,0,0,0,0,0,0.0
com.jcraft.jsch.Request.write,0,0,0,0,0,0,0,0,0,3.154185673663207
com.jcraft.jsch.IO.out_close,0,0,0,0,0,0,0,0,0,1.611879000168598
com.jcraft.jsch.RequestSignal.request,0,0,0,0,0,0,0,0,0,2.969466853465227
com.jcraft.jsch.RequestSubsystem.request,0,0,0,0,0,0,0,0,0,2.947200486664387
com.jcraft.jsch.jce.KeyPairGenDSA.getP,0,0,0,1,0,0,0,0,0,0.0
com.jcraft.jsch.ChannelDirectTCPIP.setOutputStream,0,0,0,0,0,0,0,0,0,2.73
com.jcraft.jsch.ChannelSubsystem.setErrStream,0,0,0,0,0,0,0,0,0,2.73
com.jcraft.jsch.jce.ARCFOUR.getIVSize,0,0,0,0,0,0,0,0,0,0.0
com.jcraft.jsch.DHGEX.next,0,0,0,0,0,0,2,0,0,0.4116681454215779
com.jcraft.jsch.KnownHosts.dump,0,0,0,0,0,0,0,0,0,2.293801365871233
com.jcraft.jsch.CipherNone.init,0,0,0,0,0,0,0,0,0,2.4499999999999997
com.jcraft.jsch.PassiveOutputStream.genChannelOpenPacket,0,0,0,0,0,0,0,0,0,2.1901266922407054
com.jcraft.jsch.ChannelForwardedTCPIP.normalize,0,0,0,0,0,0,0,0,0,3.89
com.jcraft.jsch.UserAuthNone.getMethods,0,0,0,0,0,0,0,0,0,0.0
com.jcraft.jsch.jce.AES192CTR.update,0,0,0,0,0,0,0,0,0,1.9607540228015725
com.jcraft.jsch.KeyPairRSA.getPublicKeyBlob,0,0,0,0,0,0,0,0,0,0.7993147944623756
com.jcraft.jsch.jce.TripleDESCBC.getIVSize,0,0,0,0,0,0,0,0,0,0.0
com.jcraft.jsch.jce.KeyPairGenRSA.getE,0,0,0,3,0,0,0,0,0,0.0
com.jcraft.jsch.jcraft.HMAC.setH,0,0,0,0,0,0,0,0,0,0.0
com.jcraft.jsch.GlobalRequestReply.setSocketFactory,0,0,0,0,0,0,0,0,0,0.0
com.jcraft.jsch.PassiveOutputStream.setSession,0,0,0,0,0,0,0,0,0,2.58
com.jcraft.jsch.jce.BlowfishCBC.getIVSize,0,0,0,0,0,0,0,0,0,0.0
com.jcraft.jsch.jce.KeyPairGenRSA.getP,0,0,0,1,0,0,0,0,0,0.0
com.jcraft.jsch.jce.SHA256.init,0,0,0,0,0,0,0,0,0,0.0
com.jcraft.jsch.IO.setExtOutputStream,0,0,0,0,0,0,0,0,0,1.82
com.jcraft.jsch.HostKey.getComment,0,0,0,0,0,0,0,0,0,2.663691179391203
com.jcraft.jsch.ChannelForwardedTCPIP.setSocketFactory,0,0,0,0,0,0,0,0,0,2.38
Empty_package.MyUserInfo.getPassphrase,0,0,0,0,0,0,0,0,0,0.0
Empty_package.PortForwardingR.main,0,0,0,0,0,0,0,0,0,0.9043292723621029
com.jcraft.jsch.ChannelForwardedTCPIP.addPort,0,0,0,0,0,0,0,0,0,2.259038599315496
com.jcraft.jsch.KeyPairDSA.getKeyTypeName,0,0,0,0,0,0,0,0,0,0.0
com.jcraft.jsch.jcraft.Compression.uncompress,0,0,0,0,0,0,0,0,0,1.6424711672384922
com.jcraft.jsch.jce.AES256CBC.getBlockSize,0,0,0,0,0,0,0,0,0,0.0
com.jcraft.jsch.Request.init,0,0,0,0,0,0,0,0,0,3.757899688881093
com.jcraft.jsch.ProxySOCKS5.setUserPasswd,0,0,0,0,0,0,0,0,0,1.58
com.jcraft.jsch.Session.start_discard,0,0,0,0,0,0,0,0,0,1.511484756244875
com.jcraft.jsch.jce.AES192CTR.init,0,0,0,0,0,0,0,0,0,1.581115469217564
com.jcraft.jsch.jce.DH.getK,0,0,0,1,0,0,0,0,0,1.569499658289391
com.jcraft.jsch.ProxySOCKS5.getOutputStream,0,0,0,0,0,0,0,0,0,1.777980663503096
com.jcraft.jsch.Header.setFilenameEncoding,0,0,0,0,0,0,0,0,0,0.0
com.jcraft.jsch.KeyPairRSA.getPrivateKey,0,0,0,0,0,0,0,0,0,1.6487815011551292
com.jcraft.jsch.SftpATTRS.length,0,0,0,0,0,0,0,0,0,0.5607371498323417
com.jcraft.jsch.LocalIdentityRepository.add,0,0,0,0,0,0,0,0,0,1.2
com.jcraft.jsch.PassiveInputStream.PassiveInputStream,0,0,0,0,0,0,0,0,0,2.8633333333333333
com.jcraft.jsch.LsEntry.getFilename,0,0,0,0,0,0,0,0,0,3.7552947322936925
com.jcraft.jsch.jce.ARCFOUR.update,0,0,0,0,0,0,0,0,0,1.9688830025688597
com.jcraft.jsch.KeyPair.getSignature,0,0,0,0,0,0,0,0,0,3.93
Empty_package.MyLogger.log,0,0,0,0,0,0,0,0,0,3.3835924829140933
com.jcraft.jsch.IdentityFile.IdentityFile,0,0,0,0,0,0,0,0,0,1.1666666666666667
com.jcraft.jsch.MyConfig.getPort,0,0,0,0,0,0,0,0,0,2.205
com.jcraft.jsch.ProxyHTTP.close,1,0,0,0,0,0,0,0,0,2.3880591575908157
com.jcraft.jsch.IdentityFile.clear,0,0,0,0,0,0,0,0,0,0.0
com.jcraft.jsch.MyPipedInputStream.setLocalWindowSizeMax,0,0,0,0,0,0,0,0,0,0.0
com.jcraft.jsch.HostKey.getKey,0,0,0,0,0,0,0,0,0,4.080319492802769
com.jcraft.jsch.GlobalRequestReply.setUserInfo,0,0,0,0,0,0,0,0,0,0.0
com.jcraft.jsch.KeyPairPKCS8.getKeyType,0,0,0,0,0,0,0,0,0,0.0
com.jcraft.jsch.ChannelDirectTCPIP.run,0,0,0,0,0,0,0,0,0,1.5523241972376238
com.jcraft.jsch.Buffer.getBytes,0,0,0,0,0,0,0,0,0,0.0
com.jcraft.jsch.KeyExchange.getHostKey,0,0,0,0,0,0,0,0,0,0.0
com.jcraft.jsch.RequestEnv.setEnv,0,0,0,0,0,0,0,0,0,2.56
com.jcraft.jsch.Request.isPattern,0,0,0,0,0,0,0,0,0,3.005220030405273
com.jcraft.jsch.jce.KeyPairGenRSA.getEQ,0,0,0,2,0,0,0,0,0,0.0
com.jcraft.jsch.Buffer.getLong,0,0,0,0,0,0,0,0,0,0.0
com.jcraft.jsch.ProxySOCKS4.getSocket,0,0,0,0,0,0,0,0,0,3.029527303314077
com.jcraft.jsch.jce.HMAC.update,0,0,0,0,0,0,0,0,0,0.5216666666666666
com.jcraft.jsch.KeyExchange.getH,0,0,0,0,0,0,0,0,0,0.0
com.jcraft.jsch.Buffer.putLong,0,0,0,0,0,0,0,0,0,1.2738990780698363
com.jcraft.jsch.KeyPair.dispose,0,0,0,0,0,0,0,0,0,0.0
com.jcraft.jsch.RequestExec.request,0,0,0,0,0,0,0,0,0,2.6414530911830987
com.jcraft.jsch.Request.sendMKDIR,0,0,0,0,0,0,0,0,0,2.205
com.jcraft.jsch.Request._statVFS,0,0,0,0,0,0,0,0,0,3.201085463958304
com.jcraft.jsch.jcraft.HMACSHA196.doFinal,0,0,0,0,0,0,0,0,0,0.6875
com.jcraft.jsch.DHGEX256.next,0,0,0,0,0,0,2,0,0,0.4116681454215779
com.jcraft.jsch.jcraft.HMAC.init,0,0,0,0,0,0,0,0,0,0.8513381612149137
com.jcraft.jsch.Header.header,0,0,0,0,0,0,0,0,0,1.31
com.jcraft.jsch.KeyPairDSA.dispose,0,0,0,0,0,0,0,0,0,0.8212078322549283
com.jcraft.jsch.GlobalRequestReply.getConfig,0,0,0,0,0,0,0,0,0,2.445
com.jcraft.jsch.Packet.reset,0,0,0,0,0,0,0,0,0,2.89
com.jcraft.jsch.jce.Random.fill,0,0,0,0,0,0,0,0,0,0.8521664529782196
com.jcraft.jsch.ProxySOCKS5.connect,0,0,0,0,1,0,0,0,0,2.201667471076804
com.jcraft.jsch.Request._lstat,0,0,0,0,0,0,0,0,0,2.6183333333333336
com.jcraft.jsch.SftpStatVFS.getMountFlag,0,0,0,0,0,0,0,0,0,3.857955791569266
Empty_package.OpenSSHConfig.showMessage,0,0,0,0,0,0,0,0,0,3.97
com.jcraft.jsch.Request.symlink,0,0,0,0,0,0,0,0,0,1.4125
com.jcraft.jsch.Channel.getInputStream,1,0,0,0,0,0,0,0,0,1.41875
com.jcraft.jsch.jcraft.Compression.Compression,0,0,0,0,0,0,0,0,0,4.5
com.jcraft.jsch.Buffer.rewind,0,0,0,0,0,0,0,0,0,0.0
com.jcraft.jsch.ChannelX11.setCookie,0,0,0,0,0,0,0,0,0,1.9174111114973207
com.jcraft.jsch.GlobalRequestReply.noMoreSessionChannels,0,0,0,0,0,0,0,0,0,1.4866666666666666
com.jcraft.jsch.JSch.getIdentityNames,0,0,0,0,0,0,0,0,0,0.7551954272485932
com.jcraft.jsch.Request.request,0,0,0,0,0,0,0,0,0,3.38
com.jcraft.jsch.Channel.getData,0,0,0,0,0,0,0,0,0,0.0
com.jcraft.jsch.Request.sendLSTAT,0,0,0,0,0,0,0,0,0,4.41
com.jcraft.jsch.KnownHosts.KnownHosts,0,0,0,0,0,0,0,0,0,2.385
com.jcraft.jsch.HashedHostKey.isMatched,0,0,0,0,0,0,0,0,0,2.5311847919642587
com.jcraft.jsch.jce.HMAC.getName,0,0,0,0,0,0,0,0,0,2.8492155503827252
com.jcraft.jsch.Header.remoteAbsolutePath,0,0,0,0,0,0,0,0,0,2.205
com.jcraft.jsch.DHG14.next,0,0,0,0,0,0,2,0,0,0.25085984122814237
com.jcraft.jsch.SftpATTRS.isSock,0,0,0,0,0,0,0,0,0,0.0
com.jcraft.jsch.SftpStatVFS.getStatVFS,0,0,0,0,0,0,0,0,0,1.5966666666666667
com.jcraft.jsch.Packet.getBuffer,0,0,0,0,0,0,0,0,0,2.197220730911244
com.jcraft.jsch.KeyPair.writeSECSHPublicKey,0,0,0,0,0,0,0,0,0,2.050135879856908
com.jcraft.jsch.jce.SHA1.update,0,0,0,0,0,0,0,0,0,0.6775
com.jcraft.jsch.jce.KeyPairGenDSA.init,0,0,0,0,0,0,0,0,0,1.5981818181818184
com.jcraft.jsch.Session.receive_kexinit,0,0,0,0,0,0,0,0,0,0.18681968373769656
com.jcraft.jsch.KeyPairRSA.dispose,0,0,0,0,0,0,0,0,0,0.796233584884683
com.jcraft.jsch.jgss.GSSContextKrb5.getMIC,0,0,0,0,0,0,0,0,0,2.6324428588613973
com.jcraft.jsch.DHG14.getKeyType,0,0,0,0,0,0,0,0,0,1.0989480497023292
com.jcraft.jsch.Empty_class.getValue,0,0,0,0,0,0,0,0,0,4.89
Empty_package.OpenSSHConfig.main,0,0,0,0,0,0,0,0,0,1.2372326802607754
com.jcraft.jsch.IO.put_ext,0,0,0,0,0,0,0,0,0,2.6858691981861247
com.jcraft.jsch.GlobalRequestReply.checkConfig,0,0,0,0,0,0,0,0,0,2.17
com.jcraft.jsch.jce.HMAC.init,0,0,0,0,0,0,0,0,0,1.2936527398048367
com.jcraft.jsch.jce.AES128CBC.update,0,0,0,0,0,0,0,0,0,1.958899134267565
com.jcraft.jsch.jce.AES192CBC.init,0,0,0,0,0,0,0,0,0,1.581115469217564
com.jcraft.jsch.LsEntry.compareTo,0,0,0,0,0,0,0,0,0,2.350175967162825
com.jcraft.jsch.GlobalRequestReply.checkCiphers,0,0,0,0,0,0,0,0,0,0.701382627514072
com.jcraft.jsch.Channel.setRecipient,0,0,0,0,0,0,0,0,0,0.0
com.jcraft.jsch.jcraft.Compression.init,0,0,0,0,0,0,0,0,0,2.974615816338593
com.jcraft.jsch.GlobalRequestReply.applyConfigChannel,0,0,0,0,0,0,0,0,0,1.8240014930190673
com.jcraft.jsch.SftpATTRS.setACMODTIME,0,0,0,0,0,0,0,0,0,0.0
com.jcraft.jsch.jce.AES192CTR.getIVSize,0,0,0,0,0,0,0,0,0,0.0
com.jcraft.jsch.MyPipedInputStream.close,0,0,0,0,0,0,0,0,0,1.8675
com.jcraft.jsch.KeyPairDSA.getPrivateKey,0,0,0,0,0,0,0,0,0,1.8870921083365622
com.jcraft.jsch.ChannelSession.getEnv,0,0,0,0,0,0,0,0,0,0.0
com.jcraft.jsch.ChannelSubsystem.setWantReply,0,0,0,0,0,0,0,0,0,1.2225
com.jcraft.jsch.jce.HMAC.doFinal,0,0,0,0,0,0,0,0,0,0.9166666666666666
com.jcraft.jsch.JSch.removeAllIdentity,0,0,0,0,0,0,0,0,0,1.7682031461122918
com.jcraft.jsch.KeyPairDSA.parse,0,0,0,0,1,0,0,0,0,0.8657057548814918
com.jcraft.jsch.KnownHosts.deleteSubString,0,0,0,0,0,0,0,0,0,0.6026401360842663
com.jcraft.jsch.Buffer.setOffSet,0,0,0,0,0,0,0,0,0,0.0
com.jcraft.jsch.JSch.setHostKeyRepository,0,0,0,0,0,0,0,0,0,0.32994285938249873
com.jcraft.jsch.Header.realpath,0,0,0,0,0,0,0,0,0,4.41
com.jcraft.jsch.ChannelSession.setEnv,0,0,0,0,0,0,0,0,0,2.0480000000000005
com.jcraft.jsch.jce.AES256CTR.init,0,0,0,0,0,0,0,0,0,1.581115469217564
Empty_package.MyUserInfo.promptPassphrase,0,0,0,0,0,0,0,0,0,3.238301369550435
com.jcraft.jsch.OpenSSHConfig._parse,0,0,0,0,0,0,0,0,0,1.066460657539685
com.jcraft.jsch.JSch.getLogger,0,0,0,0,0,0,0,0,0,2.8263256685168128
com.jcraft.jsch.Session.write,0,0,0,0,0,0,1,0,0,0.85011362520901
com.jcraft.jsch.ProxySOCKS4.ProxySOCKS4,0,0,0,0,0,0,0,0,0,2.823292058024284
com.jcraft.jsch.GlobalRequestReply.setTimeout,0,0,0,0,0,0,0,0,0,2.9
com.jcraft.jsch.LsEntry.setLongname,0,0,0,0,0,0,0,0,0,0.0
com.jcraft.jsch.Request.isRemoteDir,0,0,0,0,0,0,0,0,0,3.1420000000000003
com.jcraft.jsch.Forwarding.setPortForwardingL,0,0,0,0,0,0,0,0,0,0.0
com.jcraft.jsch.KeyPair.writeINTEGER,0,0,0,0,0,0,0,0,0,2.4533333333333336
com.jcraft.jsch.MyPipedInputStream.checkSpace,0,0,0,0,0,0,0,0,0,0.7994425199109876
com.jcraft.jsch.GlobalRequestReply.setPassword,0,0,0,0,0,0,0,0,0,3.83
com.jcraft.jsch.RequestAgentForwarding.request,0,0,0,0,0,0,0,0,0,2.7769706789774458
com.jcraft.jsch.ProxySOCKS4.getDefaultPort,0,0,0,0,0,0,0,0,0,0.0
com.jcraft.jsch.KeyPairDSA.fromSSHAgent,0,1,0,0,0,0,0,0,0,0.9672222222222222
com.jcraft.jsch.Forwarding.getStreamForwarder,0,0,0,0,0,0,0,0,0,4.073333333333333
com.jcraft.jsch.Session.read,0,0,0,0,0,0,0,0,0,1.0400337891885172
com.jcraft.jsch.Util.checkTilde,0,0,0,0,0,0,0,0,0,0.0
com.jcraft.jsch.LsEntry.setFilename,0,0,0,0,0,0,0,0,0,3.77
com.jcraft.jsch.Session.connect,0,0,1,0,1,1,0,0,0,0.9873831626109572
com.jcraft.jsch.Request.throwStatusError,0,0,0,0,0,0,0,0,0,0.0
com.jcraft.jsch.jce.ARCFOUR128.init,0,0,0,0,0,0,0,0,0,1.8990118317910594
com.jcraft.jsch.GlobalRequestReply.setHostKeyAlias,0,0,0,0,0,0,0,0,0,3.793333333333333
Empty_package.Daemon.main,0,0,0,0,0,0,0,0,0,1.1448359127930883
com.jcraft.jsch.KeyPair.a2b,0,0,0,0,0,0,0,0,0,0.0
com.jcraft.jsch.jce.MD5.digest,0,0,0,0,0,0,0,0,0,0.0
Empty_package.PortForwardingL.main,0,0,0,0,0,0,0,0,0,1.03309463127425
com.jcraft.jsch.jcraft.HMACMD596.getName,0,0,0,0,0,0,0,0,0,3.32077744874228
com.jcraft.jsch.Buffer.putByte,0,0,0,0,0,0,0,0,0,1.8221118511933179
com.jcraft.jsch.Util.getFingerPrint,0,0,0,0,0,0,0,0,0,1.8142857142857143
com.jcraft.jsch.jce.BlowfishCBC.update,0,0,0,0,0,0,0,0,0,1.9607540228015725
com.jcraft.jsch.KnownHosts.getHMACSHA1,0,0,0,0,0,0,0,0,0,0.4069204642835203
com.jcraft.jsch.SftpStatVFS.getFragmentSize,0,0,0,0,0,0,0,0,0,0.0
com.jcraft.jsch.jcraft.HMACSHA196.getBlockSize,0,0,0,0,0,0,0,0,0,0.0
com.jcraft.jsch.Packet.setRandom,0,0,0,0,0,0,0,0,0,1.0
com.jcraft.jsch.jce.TripleDESCTR.getIVSize,0,0,0,0,0,0,0,0,0,0.0
com.jcraft.jsch.Request.getHome,0,0,0,0,0,0,0,0,0,4.11
com.jcraft.jsch.MyConfig.find,0,0,0,0,0,0,0,0,0,0.9239212621230086
com.jcraft.jsch.ChannelSession.setXForwarding,0,0,0,0,0,0,0,0,0,1.015
com.jcraft.jsch.RequestExec.RequestExec,0,0,0,0,0,0,0,0,0,2.48
com.jcraft.jsch.DHG14.init,0,0,0,4,0,0,0,0,0,0.5688366608486642
com.jcraft.jsch.OpenSSHConfig.OpenSSHConfig,0,0,0,0,0,0,0,0,0,0.0
com.jcraft.jsch.jce.SignatureRSA.update,0,0,0,0,0,0,0,0,0,1.9153599630628229
com.jcraft.jsch.PortWatcher.addPort,0,0,0,0,0,0,0,0,0,1.7165404199838976
com.jcraft.jsch.jce.DH.setP,0,0,0,0,0,0,0,0,0,0.0
com.jcraft.jsch.Request.glob_remote,0,0,0,0,0,0,0,0,0,1.8607008296161782
com.jcraft.jsch.GlobalRequestReply.setServerAliveInterval,0,0,0,0,0,0,0,0,0,2.57
com.jcraft.jsch.JSch.Non_in_method,0,0,0,0,0,0,0,0,0,1.2766666666666666
com.jcraft.jsch.jce.SHA1.digest,0,0,0,0,0,0,0,0,0,0.0
com.jcraft.jsch.IO.put,0,0,0,0,0,0,0,0,0,2.3890604190783895
com.jcraft.jsch.GlobalRequestReply.setIdentityRepository,0,0,0,0,0,0,0,0,0,2.83
com.jcraft.jsch.MyPipedInputStream.setLocalPacketSize,0,0,0,0,0,0,0,0,0,0.0
com.jcraft.jsch.Forwarding.setPortForwardingR,0,0,0,0,0,0,0,0,0,0.0
com.jcraft.jsch.MyPipedInputStream.freeSpace,0,0,0,0,0,0,0,0,0,3.13
com.jcraft.jsch.ProxySOCKS4.getInputStream,0,0,0,0,0,0,0,0,0,2.10383840507922
com.jcraft.jsch.CipherNone.update,0,0,0,0,0,0,0,0,0,1.749
Empty_package.Sudo.main,0,0,0,0,0,0,0,0,0,1.791571862087542
com.jcraft.jsch.KeyPair.setPublicKeyComment,0,0,0,0,0,0,0,0,0,3.5833333333333335
com.jcraft.jsch.JSch.getConfig,0,0,0,0,0,0,0,0,0,2.445
com.jcraft.jsch.KeyPair.encrypt,1,0,0,0,0,0,0,0,0,1.180498044543586
com.jcraft.jsch.Buffer.getString,0,0,0,0,0,0,0,0,0,0.7863244757604181
com.jcraft.jsch.ChannelDirectTCPIP.setOrgIPAddress,0,0,0,0,0,0,0,0,0,0.0
com.jcraft.jsch.CipherNone.getBlockSize,0,0,0,0,0,0,0,0,0,0.0
com.jcraft.jsch.IdentityFile.getAlgName,0,1,0,0,0,0,0,0,0,0.0
com.jcraft.jsch.Channel.Channel,0,0,0,0,0,0,0,0,0,2.7480168856685867
com.jcraft.jsch.jce.SHA256.digest,0,0,0,0,0,0,0,0,0,0.0
com.jcraft.jsch.KeyPairRSA.getSignature,0,0,0,0,1,0,0,0,0,0.6969766050144045
Empty_package.Shell.main,0,0,0,0,0,0,0,0,0,1.333716935790102
com.jcraft.jsch.GlobalRequestReply.checkKexes,0,0,0,0,0,0,0,0,0,0.47314721428103557
com.jcraft.jsch.jgss.GSSContextKrb5.isEstablished,0,0,0,0,0,0,0,0,0,1.684192050994144
com.jcraft.jsch.SftpATTRS.getFlags,0,0,0,0,0,0,0,0,0,0.0
com.jcraft.jsch.Util.toBase64,0,0,0,0,0,0,0,0,0,1.133241875202412
com.jcraft.jsch.ProxySOCKS4.connect,0,0,0,0,0,0,0,0,0,2.0688351564891154
com.jcraft.jsch.Request.checkStatus,0,0,0,0,0,0,0,0,0,2.2600000000000002
com.jcraft.jsch.KeyPair.getFingerPrint,0,0,0,0,0,0,0,0,0,1.403520533612024
com.jcraft.jsch.SftpATTRS.getSize,0,0,0,0,0,0,0,0,0,2.215298857189913
com.jcraft.jsch.Request.sendREALPATH,0,0,0,0,0,0,0,0,0,4.41
com.jcraft.jsch.HostKey.getMarker,0,0,0,0,0,0,0,0,0,3.69350806202288
com.jcraft.jsch.Header.localAbsolutePath,0,0,0,0,0,0,0,0,0,4.41
Empty_package.MyUserInfo.promptYesNo,0,0,0,0,0,0,0,0,0,0.0
com.jcraft.jsch.jce.SignatureDSA.verify,0,0,0,0,0,0,0,0,0,0.9128242376040216
com.jcraft.jsch.DHG1.init,0,0,0,4,0,0,0,0,0,0.5653332330646078
com.jcraft.jsch.Request.sendOPEN,0,0,0,0,0,0,0,0,0,3.435
com.jcraft.jsch.Buffer.getMPInt,0,0,0,0,0,0,0,0,0,0.0
com.jcraft.jsch.SftpATTRS.setSIZE,0,0,0,0,0,0,0,0,0,1.1711027005304062
com.jcraft.jsch.jcraft.HMAC.getBlockSize,0,0,0,0,0,0,0,0,0,0.0
com.jcraft.jsch.GlobalRequestReply.setPort,0,0,0,0,0,0,0,0,0,3.4227128778268088
com.jcraft.jsch.jcraft.HMACMD5.getName,0,0,0,0,0,0,0,0,0,3.2890336620832845
com.jcraft.jsch.RequestPtyReq.setCode,0,0,0,0,0,0,0,0,0,5.0
com.jcraft.jsch.KeyPair.loadPPK,0,2,0,0,4,0,1,0,0,0.7204330105063129
com.jcraft.jsch.Session.expandKey,0,0,0,0,0,0,0,0,0,1.8824257730135108
com.jcraft.jsch.HostKey.isIncluded,0,0,0,0,0,0,0,0,0,0.5941823537244962
com.jcraft.jsch.ChannelSubsystem.setXForwarding,0,0,0,0,0,0,0,0,0,0.0
com.jcraft.jsch.Session.run,0,0,0,0,0,0,0,0,0,1.0007387045014353
com.jcraft.jsch.jce.KeyPairGenRSA.getEP,0,0,0,2,0,0,0,0,0,0.0
com.jcraft.jsch.jce.SignatureRSA.setPubKey,0,0,0,0,0,0,0,0,0,2.801224447010158
com.jcraft.jsch.jgss.GSSContextKrb5.init,0,0,0,0,0,0,0,0,0,1.9296660201957092
com.jcraft.jsch.IO.close,0,0,0,0,0,0,0,0,0,1.3056990263516741
com.jcraft.jsch.MyPipedInputStream.write,0,0,0,0,0,0,0,0,0,0.7825
com.jcraft.jsch.KeyPair.KeyPair,0,0,0,0,0,0,0,0,0,0.0
com.jcraft.jsch.DHGEX.getState,0,0,0,0,0,0,0,0,0,2.2817618368499746
com.jcraft.jsch.OutOfOrderException.OutOfOrderException,0,0,0,0,0,0,0,0,0,2.75
com.jcraft.jsch.ChannelSubsystem.setSubsystem,0,0,0,0,0,0,0,0,0,1.605
com.jcraft.jsch.KeyPair.copy,0,0,0,0,0,0,0,0,0,0.0
com.jcraft.jsch.jce.SignatureRSA.setPrvKey,0,0,0,0,0,0,0,0,0,2.1267802686038983
com.jcraft.jsch.jce.ARCFOUR256.update,0,0,0,0,0,0,0,0,0,1.9646666666666668
com.jcraft.jsch.jcraft.HMACSHA196.getName,0,0,0,0,0,0,0,0,0,3.32077744874228
com.jcraft.jsch.HostKey.getHost,0,0,0,0,0,0,0,0,0,3.0854999999999997
Empty_package.KnownHosts.main,0,0,0,0,0,0,0,0,0,1.2933531380209626
com.jcraft.jsch.ChannelSftp.close,0,0,0,0,0,0,0,0,0,1.7018502031005376
com.jcraft.jsch.PortWatcher.delete,0,0,0,0,0,0,0,0,0,1.7033975177549063
com.jcraft.jsch.Wrapper.Wrapper,0,0,0,0,0,0,0,0,0,1.018888888888889
Empty_package.AES.main,0,0,0,0,0,0,0,0,0,2.2459295147248723
com.jcraft.jsch.ProxyHTTP.setUserPasswd,0,0,0,0,0,0,0,0,0,1.58
com.jcraft.jsch.ProxyHTTP.getDefaultPort,0,0,0,0,0,0,0,0,0,0.0
Empty_package.Subsystem.main,0,0,0,0,0,0,0,0,0,2.0907523188163393
com.jcraft.jsch.jce.ARCFOUR.getBlockSize,0,0,0,0,0,0,0,0,0,0.0
com.jcraft.jsch.ChannelSession.setPty,0,0,0,0,0,0,0,0,0,1.015
com.jcraft.jsch.KeyExchange.next,0,0,0,0,0,0,0,0,0,0.0
com.jcraft.jsch.ChannelSftp._get,0,0,0,0,1,0,0,0,0,1.4181290036898222
Empty_package.MyUserInfo.promptPassword,0,0,0,0,0,0,0,0,0,1.9011040777339545
com.jcraft.jsch.KeyPairPKCS8.getSignature,0,0,0,0,0,0,0,0,0,1.965
com.jcraft.jsch.SftpATTRS.isLink,0,0,0,0,0,0,0,0,0,0.0
com.jcraft.jsch.Request.sendREAD,0,0,0,0,0,0,0,0,0,3.2520177931199443
com.jcraft.jsch.Buffer.skip,0,0,0,0,0,0,0,0,0,1.364637179430073
com.jcraft.jsch.KeyPair.isEncrypted,0,0,0,0,0,0,0,0,0,0.0
com.jcraft.jsch.GlobalRequestReply.setX11Port,0,0,0,0,0,0,0,0,0,4.41
com.jcraft.jsch.SftpATTRS.getPermissionsString,0,0,0,0,0,0,0,0,0,0.0
com.jcraft.jsch.KeyExchange.guess,0,0,0,0,0,0,0,0,0,0.5841572200172488
com.jcraft.jsch.JSchAuthCancelException.JSchAuthCancelException,0,0,0,0,0,0,0,0,0,0.0
com.jcraft.jsch.Request.sendOPENR,0,0,0,0,0,0,0,0,0,4.41
com.jcraft.jsch.GlobalRequestReply.getHostKey,0,0,0,0,0,0,0,0,0,0.0
com.jcraft.jsch.KeyPairRSA.KeyPairRSA,0,0,0,0,0,0,0,0,0,1.6448559631533446
com.jcraft.jsch.ChannelSession.setAgentForwarding,0,0,0,0,0,0,0,0,0,2.3225465982493696
com.jcraft.jsch.PortWatcher.run,0,0,0,0,2,0,0,0,0,2.422211492881065
com.jcraft.jsch.Empty_class.getConfig,0,0,0,0,0,0,0,0,0,3.63
com.jcraft.jsch.jce.AES256CBC.init,0,0,0,0,0,0,0,0,0,1.581115469217564
com.jcraft.jsch.jce.ARCFOUR256.init,0,0,0,0,0,0,0,0,0,1.8990118317910594
com.jcraft.jsch.SftpStatVFS.getINodes,0,0,0,0,0,0,0,0,0,0.0
com.jcraft.jsch.Request.cancel,0,0,0,0,0,0,0,0,0,1.6707482481375697
com.jcraft.jsch.Channel.isEOF,0,0,0,0,0,0,0,0,0,1.3536205547305387
com.jcraft.jsch.KnownHosts.setKnownHosts,0,0,0,0,2,0,0,1,0,1.440992563315451
com.jcraft.jsch.IO.setInputStream,0,0,0,0,0,0,0,0,0,2.0
com.jcraft.jsch.DHGEX.init,0,0,0,4,0,0,0,0,0,0.8212997415011376
com.jcraft.jsch.Request.sendOPENDIR,0,0,0,0,0,0,0,0,0,4.41
com.jcraft.jsch.OpenSSHConfig.parseFile,0,1,0,0,0,0,0,0,0,2.205
com.jcraft.jsch.KeyPairRSA.getKeySize,0,0,0,0,0,0,0,0,0,2.617348386625089
com.jcraft.jsch.jce.AES256CBC.update,0,0,0,0,0,0,0,0,0,1.9607540228015725
com.jcraft.jsch.Channel.getOutputStream,0,0,0,0,0,0,0,0,0,3.455
com.jcraft.jsch.MyPipedInputStream.isConnected,0,0,0,0,0,0,0,0,0,2.58
com.jcraft.jsch.jce.KeyPairGenRSA.getQ,0,0,0,1,0,0,0,0,0,0.0
com.jcraft.jsch.ProxyHTTP.getOutputStream,0,0,0,0,0,0,0,0,0,1.959058974411042
com.jcraft.jsch.Util.array_equals,0,0,0,0,0,0,0,0,0,1.1675
com.jcraft.jsch.Request.get,0,0,0,0,0,0,0,0,0,1.90060096667398
com.jcraft.jsch.Request.sendSYMLINK,0,0,0,0,0,0,0,0,0,2.0375
com.jcraft.jsch.KeyPairPKCS8.getKeySize,0,0,0,0,0,0,0,0,0,0.0
com.jcraft.jsch.Request.sendSTAT,0,0,0,0,0,0,0,0,0,4.41
com.jcraft.jsch.JSch.addIdentity,0,0,0,0,0,0,0,0,0,0.7803507838692301
Empty_package.ScpToNoneCipher.main,0,0,0,0,0,0,0,0,0,1.286910135418057
com.jcraft.jsch.KeyExchange.normalize,0,0,0,0,0,0,0,0,0,1.095
Empty_package.UserAuthPubKey.main,0,0,0,0,0,0,0,0,0,2.0278909500589686
com.jcraft.jsch.Session.openChannel,0,0,0,0,0,0,0,0,0,2.9052253149138
com.jcraft.jsch.jce.TripleDESCBC.init,0,0,0,0,0,0,0,0,0,1.6972296661488535
com.jcraft.jsch.KeyPairPKCS8.generate,0,0,0,0,0,0,0,0,0,4.01
com.jcraft.jsch.KnownHosts.getKnownHostsFile,0,0,0,0,0,0,0,0,0,0.6179295303004602
com.jcraft.jsch.GlobalRequestReply.initDeflater,0,0,0,0,0,0,0,0,0,1.3175
com.jcraft.jsch.Empty_class.Non_in_method,0,0,0,0,0,0,0,0,0,2.2073181818181813
com.jcraft.jsch.jce.AES128CBC.getBlockSize,0,0,0,0,0,0,0,0,0,0.0
com.jcraft.jsch.Request._realpath,0,0,0,0,0,0,0,0,0,1.96375
com.jcraft.jsch.jce.KeyPairGenDSA.getY,0,0,0,1,0,0,0,0,0,0.0
com.jcraft.jsch.Request.add,0,0,0,0,0,0,0,0,0,3.045511137405908
Empty_package.MyUserInfo.promptKeyboardInteractive,0,0,0,0,0,0,0,0,0,1.7811240079016857
com.jcraft.jsch.Request.readlink,0,0,0,0,0,0,0,0,0,2.4796591704385933
Empty_package.ScpFrom.checkAck,0,0,0,0,0,0,0,0,0,0.75
com.jcraft.jsch.GlobalRequestReply.setThread,0,0,0,0,0,0,0,0,0,4.83
com.jcraft.jsch.Util.glob,0,0,0,0,0,0,0,0,0,1.7386566606097504
Empty_package.Exec.main,0,0,0,0,0,0,0,0,0,1.6566816806763136
com.jcraft.jsch.GlobalRequestReply.getPort,0,0,0,0,0,0,0,0,0,2.8941170650936354
com.jcraft.jsch.JSchAuthCancelException.getMethod,0,0,0,0,0,0,0,0,0,2.3669082189686548
Empty_package.MyProgressMonitor.count,0,0,0,0,0,0,0,0,0,2.7233560654535824
com.jcraft.jsch.ChannelSftp.flush,0,0,0,0,0,0,0,0,0,0.9938588076510145
com.jcraft.jsch.PassiveOutputStream.sendOpenConfirmation,0,0,0,0,0,0,0,0,0,2.23
com.jcraft.jsch.ChannelSftp.write,0,0,0,0,0,0,0,0,0,0.7004756670911214
com.jcraft.jsch.jce.AES128CTR.init,0,0,0,0,0,0,0,0,0,1.5722978390469657
com.jcraft.jsch.HostKey.getFingerPrint,0,0,0,0,0,0,0,0,0,2.017448598782601
com.jcraft.jsch.SftpException.toString,0,0,0,0,0,0,0,0,0,2.2676166007125853
com.jcraft.jsch.LocalIdentityRepository.removeAll,0,0,0,0,0,0,0,0,0,0.6666666666666666
com.jcraft.jsch.jce.SignatureRSA.sign,0,0,0,0,0,0,0,0,0,1.9541436472885476
com.jcraft.jsch.DHGEX256.getState,0,0,0,0,0,0,0,0,0,2.2817618368499746
Empty_package.X11Forwarding.main,0,0,0,0,0,0,0,0,0,1.7269599115750627
com.jcraft.jsch.ProxyHTTP.ProxyHTTP,0,0,0,0,0,0,0,0,0,2.823292058024284
com.jcraft.jsch.Wrapper.removeAll,0,0,0,0,0,0,0,0,0,1.6762406003829529
com.jcraft.jsch.KeyPairPKCS8.getBegin,0,0,0,0,0,0,0,0,0,2.98
Empty_package.MyLogger.isEnabled,0,0,0,0,0,0,0,0,0,2.86
com.jcraft.jsch.SftpATTRS.isBlk,0,0,0,0,0,0,0,0,0,0.0
com.jcraft.jsch.Buffer.checkFreeSize,0,0,0,0,0,0,0,0,0,1.2416869511165345
